onset	duration	trial_type
19.429229	4	Mentira
52.135556	4	Absurdo
85.596606	4	Ironia
113.437231	4	Mentira
144.182086	4	Absurdo
176.662442	4	Literal
208.052442	4	Ironia
235.822215	4	Absurdo
267.429174	4	Absurdo
300.210316	4	Ironia
334.592802	4	Ironia
365.858131	4	Ironia
397.354006	4	Literal
431.435123	4	Ironia
462.940543	4	Mentira
495.19602	4	Mentira
524.720941	4	Absurdo
555.842664	4	Absurdo
