onset	duration	trial_type
18.665538	2	Mentira
51.625538	2	Ironia
84.662613	2	Mentira
113.60937	2	Mentira
146.036669	2	Ironia
175.790751	2	Literal
208.400291	2	Ironia
236.745205	2	Mentira
265.685092	2	Mentira
297.094502	2	Literal
327.094502	2	Literal
360.534502	2	Ironia
389.374502	2	Literal
420.273686	2	Mentira
452.277609	2	Literal
485.601078	2	Ironia
513.841282	2	Ironia
546.302257	2	Mentira
580.282492	2	Absurdo
