onset	duration	trial_type
17.265329	2	Ironia
48.770749	2	Mentira
81.29567	2	Absurdo
112.902629	2	Absurdo
144.683771	2	Ironia
174.524396	2	Mentira
208.605513	2	Ironia
238.995513	2	Ironia
272.377999	2	Ironia
304.807228	2	Mentira
336.303103	2	Literal
367.072876	2	Absurdo
398.533926	2	Ironia
429.278781	2	Absurdo
461.534258	2	Mentira
494.014614	2	Literal
524.720941	2	Absurdo
555.842664	2	Absurdo
