onset	duration	trial_type
17.146009	2	Ironia
51.520944	2	Literal
83.230278	2	Ironia
111.906559	2	Absurdo
143.222961	2	Literal
175.945818	2	Literal
206.443341	2	Mentira
234.472525	2	Absurdo
261.729849	2	Mentira
291.999214	2	Absurdo
322.719327	2	Absurdo
356.751878	2	Absurdo
386.306753	2	Mentira
416.980648	2	Literal
448.184815	2	Literal
479.333999	2	Absurdo
510.969869	2	Absurdo
542.558985	2	Literal
573.719983	2	Literal
