onset	duration	trial_type
19.619428	2	Mentira
52.121423	2	Absurdo
85.265518	2	Absurdo
116.954702	2	Absurdo
146.11706	2	Mentira
176.767922	2	Ironia
207.40567	2	Ironia
236.911387	2	Absurdo
266.063797	2	Absurdo
298.222845	2	Mentira
329.703201	2	Literal
363.113201	2	Ironia
393.202952	2	Absurdo
424.318393	2	Ironia
454.495989	2	Ironia
486.991864	2	Literal
516.161216	2	Mentira
549.443688	2	Ironia
