onset	duration	trial_type
18.875397	2	Absurdo
54.423651	2	Ironia
87.185797	2	Literal
116.855821	2	Mentira
148.835821	2	Mentira
183.434785	2	Ironia
214.118252	2	Literal
242.011015	2	Literal
271.119455	2	Ironia
303.100987	2	Mentira
335.290987	2	Ironia
368.3894	2	Ironia
397.810362	2	Literal
427.920362	2	Mentira
459.962895	2	Mentira
489.894381	2	Literal
516.94463	2	Mentira
551.731327	2	Ironia
588.621372	2	Mentira
