onset	duration	trial_type
18.204167	4	Literal
50.226536	4	Absurdo
82.223339	4	Literal
112.252188	4	Mentira
142.252188	4	Mentira
174.078396	4	Absurdo
203.584334	4	Literal
235.959269	4	Literal
264.549677	4	Ironia
296.283487	4	Absurdo
326.37834	4	Absurdo
360.474995	4	Absurdo
389.122115	4	Absurdo
419.192115	4	Literal
450.171117	4	Mentira
481.845012	4	Literal
512.091112	4	Ironia
543.621225	4	Absurdo
574.011225	4	Literal
