onset	duration	trial_type
19.46105	4	Ironia
51.941406	4	Literal
88.022523	4	Ironia
117.527943	4	Mentira
146.793272	4	Ironia
176.633897	4	Mentira
207.158818	4	Absurda
237.865145	4	Absurda
267.61	4	Absurda
299.865477	4	Mentira
328.63525	4	Absurda
363.242209	4	Absurda
395.023351	4	Ironia
426.45258	4	Mentira
458.84258	4	Ironia
494.225066	4	Ironia
524.720941	4	Literal
555.842664	4	Absurda
