onset	duration	trial_type
22.548254	4	Ironia
54.590787	4	Mentira
90.189751	4	Ironia
118.082514	4	Literal
148.765981	4	Literal
180.864394	4	Ironia
210.972834	4	Ironia
240.082834	4	Mentira
271.869531	4	Ironia
300.91978	4	Mentira
331.901312	4	Mentira
364.541336	4	Mentira
395.303482	4	Literal
427.493482	4	Ironia
463.383527	4	Mentira
493.315613	4	Literal
523.19101	4	Absurda
557.17101	4	Mentira
558.591972	4	Literal
